x,y,z,jrc2018u_x,jrc2018u_y,jrc2018u_z
59187,230981,426206,411.9689,298.4047,371.9085
59187,270981,426206,403.1697,324.6537,360.0288
59187,290981,406206,397.9491,340.7177,367.7140
59187,290981,426206,398.8864,337.8856,353.7505
59187,330981,406206,393.5633,367.9640,352.2000
79187,230981,406206,396.7778,298.2179,387.0520
79187,230981,426206,395.8587,295.0797,372.0918
79187,230981,446206,395.5190,291.3584,357.9866
79187,250981,266206,396.1442,333.9166,483.6791
79187,250981,286206,395.6871,329.3207,470.8566
79187,250981,386206,391.9037,313.6544,396.6519
79187,250981,406206,390.2894,311.1340,380.6052
79187,250981,426206,389.7182,308.1489,366.1434
79187,250981,446206,391.0028,304.2297,352.5990
79187,250981,466206,392.1716,300.1400,338.6718
79187,270981,386206,385.9954,326.5358,390.4365
79187,270981,406206,384.4969,323.8696,374.6035
79187,270981,426206,384.7374,320.6522,360.9342
79187,270981,446206,386.1380,316.6044,347.4877
79187,270981,466206,387.8876,313.1224,333.3018
79187,290981,386206,379.8555,338.9997,383.2063
79187,290981,406206,378.9365,335.7676,368.1126
79187,290981,426206,379.8728,332.7626,355.3067
79187,290981,446206,381.0409,329.3720,342.7948
79187,290981,466206,382.7907,326.3347,328.6798
79187,310981,386206,374.8772,350.6110,374.0620
79187,310981,406206,376.2793,349.1302,360.1956
79187,310981,426206,377.9119,347.1330,348.2615
79187,310981,446206,377.5698,343.4833,337.4863
99187,130981,106206,385.9313,284.7596,642.5678
99187,130981,126206,386.4036,281.7892,629.5305
99187,130981,146206,389.3144,279.0432,614.9877
99187,150981,106206,383.5047,297.2130,636.1649
99187,150981,126206,383.5131,293.6794,622.3267
99187,150981,146206,385.8448,291.5684,606.5816
99187,170981,86206,379.9107,313.9043,641.9351
99187,170981,106206,380.7317,311.0376,628.2031
99187,190981,266206,390.6792,294.9307,504.6453
99187,190981,286206,389.8744,290.2163,491.0928
99187,190981,306206,389.7661,284.9212,476.8550
99187,210981,226206,385.9174,315.6968,522.9181
99187,210981,246206,386.9699,311.4614,509.2047
99187,210981,266206,386.9768,306.9247,496.7471
99187,210981,286206,386.6355,302.2770,484.2719
99187,210981,306206,386.0624,297.0832,470.8799
99187,210981,326206,386.3030,292.8405,456.4544
99187,210981,346206,386.6618,290.5421,440.4427
99187,210981,366206,386.7883,288.3203,424.6804
99187,210981,426206,386.5852,278.4458,378.3037
99187,210981,446206,385.6653,274.5368,363.9316
99187,230981,206206,381.3946,332.4476,529.0535
99187,230981,226206,382.6793,327.1868,514.5838
99187,230981,246206,383.1504,322.6501,502.1262
99187,230981,266206,383.3888,317.6761,490.3099
99187,230981,286206,383.1637,313.1568,477.7366
99187,230981,306206,382.4748,309.0402,464.7536
99187,230981,326206,382.4833,305.4300,450.6661
99187,230981,346206,382.4933,302.7117,435.1801
99187,230981,366206,382.5035,299.9340,419.3291
99187,230981,386206,382.1659,297.4134,403.2821
99187,230981,406206,381.1317,294.9694,387.4845
99187,230981,426206,380.9090,291.9423,372.5419
99187,230981,446206,380.5690,288.2630,358.9175
99187,230981,466206,380.6936,284.2426,344.5275
99187,250981,206206,378.1560,344.5601,521.8853
99187,250981,226206,379.3244,339.5637,507.9319
99187,250981,246206,379.5626,334.3674,496.0801
99187,250981,266206,380.0331,329.3934,484.2638
99187,250981,286206,379.5762,324.8321,471.2098
99187,250981,306206,379.4680,321.1948,458.0661
99187,250981,346206,378.3248,314.7701,429.8997
99187,250981,366206,377.6386,311.7702,414.0134
99187,250981,386206,376.4896,309.7734,396.7464
99187,250981,406206,375.1075,307.1591,380.5661
99187,250981,426206,375.5801,303.7365,366.7455
99187,250981,446206,376.0523,300.2103,353.6195
99187,250981,466206,376.8732,296.4887,339.5140
99187,250981,486206,377.5777,292.3991,325.5869
99187,270981,226206,376.4335,352.6323,501.9828
99187,270981,246206,377.1360,347.1197,489.9620
99187,270981,266206,377.4904,341.8468,477.8610
99187,270981,286206,376.8014,337.2855,464.8070
99187,270981,366206,372.5427,324.8565,407.9490
99187,270981,386206,370.2332,322.2447,390.2286
99187,270981,406206,369.7793,319.0743,373.9594
99187,270981,426206,370.3676,315.9927,360.9043
99187,270981,446206,370.9555,312.0983,347.9565
99187,270981,466206,372.7044,308.4952,334.5809
99187,270981,486206,373.6413,305.1838,320.7779
99187,290981,266206,374.8326,355.6096,471.0745
99187,290981,366206,366.6356,337.2363,399.7572
99187,290981,386206,364.2094,334.6147,382.8648
99187,290981,406206,364.4505,331.6122,368.5187
99187,290981,426206,365.0385,328.4615,355.9266
99187,290981,446206,365.6259,324.6856,343.7089
99187,290981,466206,367.3757,321.3494,329.3092
99187,290981,486206,369.5916,318.7862,312.7809
99187,310981,366206,362.1210,349.4701,391.7789
99187,310981,386206,359.9265,346.2580,375.0293
99187,310981,406206,360.3993,343.6903,361.5821
99187,310981,426206,361.2189,340.9571,350.0048
99187,310981,446206,361.3413,337.5643,339.0335
99187,310981,466206,362.8589,334.6382,324.9364
99187,330981,426206,361.2328,357.1257,341.5870
119187,90981,146206,384.5543,250.4719,631.0030
119187,110981,106206,374.6830,268.0964,651.2643
119187,110981,126206,378.8698,266.5879,638.3411
119187,110981,146206,381.4322,264.8327,624.7861
119187,110981,166206,379.3527,260.9090,608.9897
119187,130981,86206,368.9989,282.4361,656.7781
119187,130981,106206,370.4006,279.7323,642.7164
119187,130981,126206,373.1935,277.5892,630.9959
119187,130981,146206,375.5234,275.4485,617.7351
119187,130981,166206,374.2563,272.4562,602.5612
119187,130981,186206,376.7027,269.4706,588.0988
119187,150981,86206,365.8770,295.1910,649.1197
119187,150981,106206,366.2322,290.9878,636.7153
119187,150981,126206,366.7047,287.9408,623.4287
119187,150981,146206,368.1067,285.8102,609.3400
119187,150981,166206,370.0897,284.0402,594.3606
119187,150981,186206,374.2777,282.5342,579.8970
119187,170981,86206,361.0138,308.9023,642.6810
119187,170981,106206,361.3690,304.1778,629.9563
119187,170981,126206,361.7257,300.9776,616.1712
119187,170981,146206,363.8243,298.3775,601.4149
119187,170981,286206,376.4204,274.3984,500.9913
119187,170981,306206,375.9660,270.3979,484.9452
119187,170981,326206,376.7873,266.5405,470.2255
119187,170981,346206,377.7264,264.5755,454.2670
119187,170981,366206,378.3181,262.5265,437.3469
119187,190981,86206,356.0344,321.9638,636.0201
119187,190981,106206,356.5067,317.9508,622.3422
119187,190981,126206,358.2574,316.3513,607.7456
119187,190981,246206,372.9355,296.4465,519.8240
119187,190981,266206,372.5945,291.2355,506.5477
119187,190981,286206,372.3695,285.7082,493.1025
119187,190981,306206,372.4942,280.7564,478.0897
119187,190981,326206,373.1996,277.6599,463.6099
119187,190981,346206,374.4872,276.4731,447.7755
119187,190981,366206,374.9626,274.4835,431.2206
119187,210981,226206,369.8065,312.0457,523.7605
119187,210981,246206,370.2785,307.4596,510.1098
119187,210981,266206,370.2849,302.6141,498.1955
119187,210981,286206,369.8275,297.5562,485.4178
119187,210981,306206,369.4876,292.7577,470.9037
119187,210981,326206,369.4965,289.5329,456.5221
119187,210981,346206,370.2032,287.9089,441.3291
119187,210981,366206,371.2583,285.8154,425.4686
119187,210981,406206,372.3224,278.9506,394.1500
119187,210981,426206,371.8668,275.0588,379.6621
119187,210981,446206,371.5273,270.4406,364.7026
119187,230981,206206,365.1672,328.3938,530.3058
119187,230981,226206,367.0330,323.8098,515.1144
119187,230981,246206,367.7359,318.4775,502.6482
119187,230981,266206,367.9739,313.1182,491.1260
119187,230981,286206,367.4011,308.7965,477.9917
119187,230981,306206,366.3649,304.7418,463.8334
119187,230981,326206,366.1411,301.5072,450.2800
119187,230981,346206,366.1505,298.8728,435.7556
119187,230981,366206,367.3214,296.4285,419.9575
119187,230981,386206,367.7965,294.0881,403.4651
119187,230981,406206,366.6455,291.1896,388.4247
119187,230981,426206,367.0025,287.7250,374.1233
119187,230981,446206,367.1270,283.5935,359.7155
119187,230981,466206,366.9043,279.2076,343.9634
119187,230981,486206,366.9127,274.3324,329.1999
119187,250981,186206,360.1797,345.7672,537.6073
119187,250981,206206,362.2775,341.1659,522.5316
119187,250981,226206,364.0266,336.3497,508.1328
119187,250981,246206,364.8450,331.2299,496.5302
119187,250981,266206,364.9674,325.6581,484.1444
119187,250981,286206,364.5107,320.9263,470.7076
119187,250981,306206,364.0543,317.3829,457.6975
119187,250981,326206,363.7142,314.2076,444.5091
119187,250981,346206,362.6779,310.1356,430.4666
119187,250981,366206,363.3845,307.4517,414.7490
119187,250981,386206,362.0033,305.4377,397.5978
119187,250981,406206,361.0846,301.9585,381.8721
119187,250981,426206,362.2537,298.6471,368.0690
119187,250981,446206,362.4945,295.3704,354.0347
119187,250981,466206,362.8517,291.8638,339.2525
119187,250981,486206,363.6722,287.4407,325.2721
119187,270981,206206,360.0834,353.6884,515.6656
119187,270981,226206,361.2511,348.3486,502.4871
119187,270981,246206,361.9538,343.1868,490.4037
119187,270981,266206,361.7285,338.2228,477.7595
119187,270981,286206,361.2712,333.4984,465.0350
119187,270981,306206,361.5113,330.5108,452.1135
119187,270981,326206,361.2871,326.7796,438.8363
119187,270981,346206,359.5542,322.4507,424.9900
119187,270981,366206,358.8685,320.5799,409.1653
119187,270981,386206,356.5591,317.5753,391.0266
119187,270981,406206,356.8013,314.2418,375.0868
119187,270981,426206,357.5060,310.9131,361.3996
119187,270981,446206,357.8622,306.4900,347.4194
119187,270981,466206,358.7992,303.5887,333.9189
119187,270981,486206,359.9678,300.3019,320.7124
119187,290981,226206,359.4043,361.2367,496.9832
119187,290981,246206,359.6428,355.6648,484.5974
119187,290981,266206,359.1850,350.2216,472.1137
119187,290981,286206,358.9609,346.6015,458.8543
119187,290981,366206,353.5422,332.8410,400.2433
119187,290981,386206,351.3478,330.5776,384.0007
119187,290981,406206,352.0541,327.9530,368.6480
119187,290981,426206,352.7584,324.5379,355.5397
119187,290981,446206,353.3462,320.4211,342.5564
119187,290981,466206,354.2838,317.0257,327.7919
119187,290981,486206,356.0349,314.4528,312.0918
119187,310981,366206,349.1437,345.9124,392.7542
119187,310981,386206,347.5295,343.4265,376.4760
119187,310981,406206,348.3509,340.6290,362.2809
119187,310981,426206,348.8227,337.2386,349.7692
119187,310981,446206,349.5264,333.6258,337.2219
119187,310981,466206,350.4647,331.0778,322.1185
119187,310981,486206,351.9845,328.5494,305.3588
119187,330981,426206,346.6308,352.6714,341.7084
139187,90981,126206,365.0669,247.8202,647.4133
139187,90981,146206,369.9504,246.3635,634.1426
139187,90981,166206,369.6121,243.6279,618.7725
139187,110981,86206,359.3716,265.6787,670.6742
139187,110981,106206,359.3832,263.2717,653.1045
139187,110981,126206,364.8473,263.1143,640.2781
139187,110981,146206,370.3106,261.4599,627.5684
139187,110981,166206,364.2857,257.4356,610.9270
139187,110981,186206,364.0628,254.4678,596.3494
139187,110981,206206,366.5081,250.1382,582.5022
139187,130981,66206,355.8933,282.0019,676.6226
139187,130981,86206,354.6274,277.3542,658.8141
139187,130981,106206,356.4946,275.5077,643.5854
139187,130981,126206,360.2166,273.7843,631.3391
139187,130981,146206,362.6622,272.1131,618.7458
139187,130981,166206,359.3066,268.8913,602.8245
139187,130981,186206,359.8957,266.4694,589.1636
139187,130981,206206,363.1532,263.0538,576.0547
139187,150981,66206,350.2218,293.1587,662.9021
139187,150981,86206,351.3922,289.9954,647.3450
139187,150981,106206,352.5604,288.0749,635.6602
139187,150981,126206,353.1489,285.4380,622.6761
139187,150981,146206,353.9699,282.8702,609.2289
139187,150981,166206,355.0233,280.3716,595.3185
139187,150981,186206,356.8894,278.7276,581.7815
139187,150981,206206,359.9154,276.2361,568.5831
139187,150981,226206,363.5223,273.5665,554.2895
139187,150981,246206,365.0393,269.3656,540.3444
139187,150981,266206,364.8154,264.2508,525.6613
139187,150981,286206,364.1285,260.4036,510.1138
139187,150981,306206,363.0949,256.9269,492.8477
139187,150981,326206,362.8735,254.5520,476.5869
139187,150981,346206,363.2315,252.0040,461.4836
139187,150981,366206,364.5187,248.7741,444.8491
139187,170981,66206,345.5922,305.8051,653.6860
139187,170981,86206,346.6444,302.4492,640.9426
139187,170981,106206,347.1163,300.3410,628.9910
139187,170981,126206,347.2405,297.3707,615.9537
139187,170981,146206,348.4090,294.7930,603.3345
139187,170981,166206,351.2049,293.5021,588.1943
139187,170981,186206,354.0002,292.0136,573.6153
139187,170981,206206,357.1427,289.8136,559.9893
139187,170981,286206,359.8449,271.7974,503.1866
139187,170981,306206,359.2751,268.0464,486.2322
139187,170981,326206,359.9811,265.0537,471.0579
139187,170981,346206,360.6884,263.4396,455.0369
139187,170981,366206,361.7440,260.7235,438.0103
139187,170981,386206,363.0305,256.3126,421.6614
139187,190981,66206,340.6119,318.8049,648.2004
139187,190981,86206,341.4316,314.6535,635.4486
139187,190981,106206,341.0913,311.2386,622.3405
139187,190981,126206,341.3312,309.2416,610.4067
139187,190981,146206,343.8939,308.8971,597.3139
139187,190981,246206,356.8219,292.0716,523.9880
139187,190981,266206,356.5972,286.5023,510.0620
139187,190981,286206,355.7935,281.9781,495.2361
139187,190981,306206,356.1512,278.4641,479.7416
139187,190981,326206,357.3216,275.5998,464.4692
139187,190981,346206,357.5657,274.6973,447.4951
139187,190981,366206,358.6208,272.5099,431.5011
139187,190981,386206,360.3715,268.7141,415.6058
139187,190981,406206,360.9606,263.4040,399.9432
139187,190981,426206,360.1566,258.2128,385.0109
139187,210981,226206,353.4604,307.6016,528.3876
139187,210981,246206,354.3973,302.5213,513.4727
139187,210981,266206,353.9400,297.3695,500.5615
139187,210981,286206,352.7877,293.0925,486.3678
139187,210981,306206,352.9129,290.0134,471.7724
139187,210981,326206,353.5037,287.5865,455.8587
139187,210981,346206,353.9776,285.6364,441.3249
139187,210981,366206,355.4961,283.3872,426.5061
139187,210981,386206,357.1316,280.4907,409.9247
139187,210981,406206,356.7926,276.1640,394.5377
139187,210981,426206,356.1045,271.2544,380.0059
139187,210981,446206,356.2291,265.7814,364.6729
139187,230981,226206,351.2686,319.8301,518.1562
139187,230981,246206,352.4364,313.5935,504.1234
139187,230981,266206,351.8628,308.3899,491.5595
139187,230981,286206,350.3619,304.8639,478.4338
139187,230981,306206,349.9065,301.7158,464.3016
139187,230981,326206,350.1479,298.6713,449.4747
139187,230981,346206,350.6208,295.9158,435.7605
139187,230981,366206,352.1395,293.7012,420.7102
139187,230981,386206,352.8465,290.8987,404.2625
139187,230981,406206,351.3469,287.1875,389.3295
139187,230981,426206,351.5873,282.5001,374.8329
139187,230981,446206,352.6409,277.9508,359.4101
139187,230981,466206,352.6505,273.3944,343.2753
139187,250981,206206,346.7466,337.1293,523.6680
139187,250981,226206,348.9602,333.4075,509.5622
139187,250981,246206,350.0113,327.4600,496.6423
139187,250981,266206,349.4370,321.5029,484.5508
139187,250981,286206,348.6317,316.9071,471.7283
139187,250981,306206,347.9437,313.3736,457.8902
139187,250981,326206,347.4879,310.0451,444.2033
139187,250981,346206,347.8444,306.9215,430.6674
139187,250981,366206,348.8989,304.1857,415.2970
139187,250981,386206,347.7490,301.0846,398.5649
139187,250981,406206,346.2494,297.1856,383.3649
139187,250981,426206,346.9543,292.9601,368.8235
139187,250981,446206,348.2403,289.4880,353.8096
139187,250981,466206,348.8298,286.0160,338.7958
139187,250981,486206,349.5352,282.8084,324.2983
139187,270981,206206,344.2043,349.5407,516.7843
139187,270981,226206,346.8810,344.7738,503.5784
139187,270981,246206,347.8164,339.9380,490.8359
139187,270981,266206,347.1268,334.9568,478.3075
139187,270981,286206,346.4371,329.8644,465.7614
139187,270981,306206,345.9809,325.9454,452.2173
139187,270981,326206,345.5242,321.5299,438.9495
139187,270981,346206,345.0680,317.8160,425.5566
139187,270981,366206,345.3110,315.4756,409.0642
139187,270981,386206,343.1166,312.4859,392.3501
139187,270981,406206,342.5458,308.4335,376.6513
139187,270981,426206,343.0191,304.2945,361.5312
139187,270981,446206,343.0282,301.2155,346.9358
139187,270981,466206,344.8941,298.4944,332.9898
139187,270981,486206,346.2951,295.6695,319.7385
139187,290981,226206,344.1051,357.3359,498.7338
139187,290981,246206,344.9244,351.3464,485.3331
139187,290981,266206,344.5831,346.8098,472.8756
139187,290981,286206,343.7781,342.8811,460.1596
139187,290981,306206,343.3223,339.7749,446.5082
139187,290981,326206,342.6333,334.4874,432.9827
139187,290981,346206,342.2944,331.0156,417.9692
139187,290981,366206,341.2607,328.7693,401.6105
139187,290981,386206,339.2988,326.1476,384.7181
139187,290981,406206,339.5411,323.1648,368.7158
139187,290981,426206,340.0137,319.2037,354.6907
139187,290981,446206,339.5576,315.2082,340.8973
139187,290981,466206,340.9597,312.4797,326.2391
139187,310981,366206,336.9790,342.7991,393.8003
139187,310981,386206,335.9453,340.3478,377.2904
139187,310981,406206,336.1865,337.2514,362.8107
139187,310981,426206,337.0066,332.8702,349.3112
139187,310981,446206,337.4796,329.7047,335.2945
139187,310981,486206,338.6598,324.4209,304.8208
139187,330981,406206,333.6466,353.4452,354.9900
139187,330981,426206,334.5835,349.7063,341.0003
159187,70981,66206,343.6968,245.2901,699.1382
159187,70981,86206,347.5341,238.6602,684.6866
159187,70981,146206,355.3340,226.5682,643.9991
159187,90981,46206,345.5520,259.9003,711.2125
159187,90981,66206,340.9227,256.3180,690.8486
159187,90981,86206,339.1898,250.6303,676.1928
159187,90981,106206,343.3757,246.7699,663.0128
159187,90981,126206,346.6326,242.8231,650.4117
159187,90981,146206,351.1671,240.4845,637.7115
159187,90981,166206,352.3366,237.9858,623.8012
159187,90981,186206,353.5080,235.5168,607.4066
159187,110981,46206,343.9382,271.6024,703.7414
159187,110981,66206,343.9477,267.0287,687.7223
159187,110981,86206,342.3320,262.0871,671.8818
159187,110981,106206,340.6009,257.5655,655.5158
159187,110981,126206,343.6266,255.4322,642.9671
159187,110981,146206,349.2062,254.6671,630.3993
159187,110981,166206,347.3589,251.0597,614.7718
159187,110981,186206,348.8791,249.0106,597.8516
159187,110981,206206,350.9768,246.3487,584.2706
159187,110981,226206,352.8421,243.5411,570.9034
159187,130981,86206,340.0231,272.6727,661.9808
159187,130981,106206,340.2658,269.6479,645.4977
159187,130981,126206,341.4345,267.8138,633.2342
159187,130981,146206,343.5329,266.6318,619.6523
159187,130981,166206,344.0078,264.4618,603.5426
159187,130981,186206,345.1777,262.3313,589.4540
159187,130981,206206,347.0424,259.5138,576.9149
159187,130981,226206,349.4871,255.9007,564.3672
159187,130981,246206,351.0040,251.9987,550.7069
159187,130981,266206,351.5940,248.5021,535.0966
159187,130981,286206,350.7923,245.4182,518.2487
159187,150981,66206,334.4581,288.0870,664.1104
159187,150981,86206,337.4860,285.4199,648.2765
159187,150981,106206,338.4227,283.7317,635.7993
159187,150981,126206,339.1274,281.8384,623.1708
159187,150981,146206,339.9486,279.7326,609.6788
159187,150981,166206,340.0737,277.3453,595.7864
159187,150981,186206,341.0108,275.1111,582.3924
159187,150981,206206,343.2238,272.3108,569.7374
159187,150981,226206,345.7848,269.2536,557.2785
159187,150981,246206,347.6496,264.6845,543.5117
159187,150981,266206,348.2395,260.8716,527.7324
159187,150981,286206,347.7861,257.8988,510.9022
159187,150981,306206,347.1016,255.3041,493.0656
159187,150981,326206,347.3445,253.3565,476.9915
159187,150981,346206,347.4703,250.8086,461.8882
159187,150981,366206,348.5251,246.5781,445.0941
159187,170981,66206,330.4089,300.3232,654.5916
159187,170981,86206,332.6227,298.2937,641.3486
159187,170981,106206,333.0947,296.5018,629.5660
159187,170981,126206,333.6833,293.7883,616.3326
159187,170981,146206,334.5034,291.5689,604.3632
159187,170981,166206,335.4411,289.0283,589.9721
159187,170981,186206,337.3075,286.9322,575.6518
159187,170981,206206,339.5207,284.3716,562.9166
159187,170981,226206,341.9660,281.1785,549.8433
159187,170981,246206,343.8309,276.9429,536.1298
159187,170981,266206,344.1879,272.7693,521.2411
159187,170981,286206,343.7344,269.3692,504.2242
159187,170981,306206,343.9776,266.3197,487.1445
159187,170981,326206,344.6843,264.0978,471.3821
159187,170981,346206,344.3474,262.3307,454.8628
159187,170981,366206,345.0543,259.3058,438.3796
159187,170981,386206,346.6884,254.6972,422.5917
159187,190981,86206,326.0168,311.3605,636.9407
159187,190981,106206,326.1413,308.7756,623.6093
159187,190981,126206,327.5422,306.5487,610.9275
159187,190981,146206,329.5228,304.4229,599.0914
159187,190981,166206,331.5065,302.9618,583.5687
159187,190981,186206,333.8370,299.8057,568.7236
159187,190981,206206,335.9337,295.9283,555.6597
159187,190981,226206,338.6108,291.9570,542.4622
159187,190981,286206,340.4947,280.0266,497.6534
159187,190981,306206,341.0853,276.6510,481.2327
159187,190981,326206,341.5604,274.0882,464.7048
159187,190981,346206,340.9917,272.3902,447.7225
159187,190981,366206,341.8140,269.8595,432.5034
159187,190981,386206,343.4483,266.5331,417.2756
159187,190981,406206,344.6177,260.3854,401.1236
159187,190981,426206,344.6266,254.9643,385.4434
159187,210981,246206,337.3536,297.6302,519.5694
159187,210981,266206,338.0594,293.9877,504.1729
159187,210981,286206,337.4886,290.7556,489.0791
159187,210981,306206,337.9630,287.8667,473.2102
159187,210981,326206,338.3218,285.1754,456.7804
159187,210981,346206,338.4473,282.6522,442.2737
159187,210981,366206,338.9208,280.1117,427.8827
159187,210981,386206,340.3235,276.8718,412.0762
159187,210981,406206,340.6815,272.6834,395.7629
159187,210981,426206,341.3867,267.0571,379.9313
159187,210981,446206,341.1635,261.0208,363.7973
159187,230981,226206,334.4579,315.7270,523.5489
159187,230981,246206,335.7424,310.0216,509.0083
159187,230981,266206,335.1705,306.1891,494.8854
159187,230981,286206,334.8315,303.5202,480.5926
159187,230981,306206,335.3053,300.1941,465.3651
159187,230981,326206,335.8947,296.0723,450.1291
159187,230981,346206,335.9033,293.5220,436.5663
159187,230981,366206,336.4922,290.3391,422.6653
159187,230981,386206,337.0829,286.8523,406.2270
159187,230981,406206,336.2804,283.0915,390.1007
159187,230981,426206,337.3340,278.1322,374.3754
159187,230981,446206,337.8075,273.0024,358.2675
159187,230981,466206,337.5848,268.9327,342.6844
159187,250981,226206,333.1964,329.3265,511.7583
159187,250981,246206,334.3632,324.0534,499.6570
159187,250981,266206,333.7895,318.8325,487.2089
159187,250981,286206,333.2171,315.2125,473.9496
159187,250981,306206,333.2262,311.7061,459.1675
159187,250981,326206,333.8155,308.3873,444.6522
159187,250981,346206,333.9396,305.1007,431.4460
159187,250981,366206,334.0648,301.2953,416.3791
159187,250981,386206,333.4947,296.9539,399.5675
159187,250981,406206,332.4598,293.0301,383.7708
159187,250981,426206,332.8171,288.2759,368.1970
159187,250981,446206,334.2188,284.2306,353.2101
159187,250981,466206,334.8087,281.5542,338.2048
159187,270981,226206,330.4212,341.8046,505.9520
159187,270981,246206,332.2848,336.7118,493.4054
159187,270981,266206,332.0598,331.6884,480.3961
159187,270981,286206,330.9063,327.4089,467.7427
159187,270981,306206,329.9867,323.2356,452.8543
159187,270981,326206,330.6908,318.8544,439.3548
159187,270981,346206,330.9313,316.2522,426.1392
159187,270981,366206,330.5936,312.8940,409.6030
159187,270981,386206,329.5591,308.3303,392.7560
159187,270981,406206,328.8727,303.7320,376.1405
159187,270981,426206,328.9980,298.9013,360.3174
159187,270981,446206,329.8194,296.0099,345.9889
159187,270981,466206,331.4535,293.8792,331.9001
159187,290981,246206,328.6968,349.2147,488.1958
159187,290981,266206,329.4004,344.2258,474.9548
159187,290981,286206,327.7837,340.5468,461.3307
159187,290981,306206,326.7481,337.1171,446.7981
159187,290981,326206,327.2193,331.5551,433.5842
159187,290981,346206,327.1130,329.4173,418.7835
159187,290981,366206,327.1236,326.5977,402.4517
159187,290981,386206,325.7417,322.3774,384.8299
159187,290981,406206,325.4036,317.1811,367.6448
159187,290981,426206,325.6439,311.8613,352.8103
159187,290981,446206,326.3497,309.4491,338.3213
159187,290981,466206,328.1002,308.0028,324.2232
159187,310981,386206,323.7806,336.7306,377.9005
159187,310981,406206,323.4409,331.2403,362.6834
159187,310981,426206,323.5658,327.1607,347.9283
159187,310981,446206,324.3888,325.3834,332.2368
159187,310981,486206,326.2634,319.9242,304.4610
159187,330981,406206,321.8305,350.3072,355.4394
179187,50981,46206,331.2746,229.0824,726.2783
179187,50981,66206,332.7924,224.2169,710.6864
179187,70981,46206,329.5471,243.2848,717.3099
179187,70981,66206,328.6302,240.4504,699.5537
179187,70981,86206,330.2631,235.5997,685.3864
179187,70981,106206,332.7073,230.2597,672.2076
179187,70981,126206,335.5001,225.3816,658.9840
179187,70981,146206,338.0615,222.4109,645.9462
179187,90981,26206,324.7901,258.2963,725.1827
179187,90981,46206,325.8476,255.2936,705.5029
179187,90981,66206,325.3926,250.9843,690.0002
179187,90981,86206,325.1673,246.0203,677.3559
179187,90981,106206,326.1031,241.9800,664.6218
179187,90981,126206,328.5474,237.6826,652.0835
179187,90981,146206,332.1530,235.7789,640.2825
179187,90981,166206,334.7144,233.3295,627.5650
179187,90981,186206,336.0016,230.7146,611.3842
179187,90981,206206,337.6373,228.9892,595.3452
179187,110981,26206,321.6682,270.1025,717.0174
179187,110981,46206,323.1874,264.7873,699.1018
179187,110981,66206,323.7753,259.8503,685.5136
179187,110981,86206,323.4343,254.8443,672.3886
179187,110981,106206,321.2405,252.2745,655.1489
179187,110981,126206,322.7556,249.0866,644.3285
179187,110981,146206,325.2006,247.2943,632.5455
179187,110981,166206,329.0403,245.7710,618.1978
179187,110981,186206,331.7216,243.8254,600.5827
179187,110981,206206,334.2846,242.1912,586.2175
179187,110981,226206,336.4981,239.7937,573.1527
179187,110981,246206,338.0153,236.3710,559.3319
179187,130981,46206,320.0654,278.4390,692.2977
179187,130981,66206,321.9296,271.0658,677.4908
179187,130981,86206,321.5923,268.8366,661.0163
179187,130981,106206,319.9774,266.4175,645.8154
179187,130981,126206,320.2155,262.0068,634.8001
179187,130981,146206,322.5456,260.1404,621.2275
179187,130981,166206,326.1542,259.2175,605.9089
179187,130981,186206,327.4407,257.0969,590.9922
179187,130981,206206,330.1181,254.7239,578.5239
179187,130981,226206,333.1430,251.9310,566.5811
179187,130981,246206,334.7758,248.0117,553.0365
179187,130981,266206,334.6697,244.9771,537.3816
179187,130981,286206,334.2169,242.3305,519.8923
179187,150981,86206,316.0350,280.1689,649.9312
179187,150981,106206,317.7833,277.5812,638.1400
179187,150981,126206,318.1385,274.6256,626.5273
179187,150981,146206,320.9344,273.9672,611.7251
179187,150981,166206,322.6851,272.5728,597.2797
179187,150981,186206,324.6670,270.8770,584.0900
179187,150981,206206,326.5311,267.7334,572.2100
179187,150981,226206,329.0914,263.9399,560.1076
179187,150981,246206,330.6082,260.0379,546.4473
179187,150981,266206,330.8507,257.2775,530.4805
179187,150981,286206,330.7465,254.9051,512.6793
179187,150981,306206,331.3392,252.9524,494.3524
179187,150981,326206,332.2789,251.1851,477.8328
179187,150981,346206,332.2893,248.8694,461.9370
179187,150981,366206,332.7628,243.7224,445.9448
179187,170981,86206,311.9819,290.7647,644.5360
179187,170981,106206,313.7303,289.5358,633.5541
179187,170981,126206,316.4096,287.4321,618.5213
179187,170981,146206,317.8121,285.8154,604.0406
179187,170981,166206,319.5621,283.8725,590.2188
179187,170981,186206,321.4276,282.1248,577.3763
179187,170981,206206,323.1756,279.2802,565.7811
179187,170981,226206,325.2723,275.7191,552.8862
179187,170981,246206,326.7896,271.5873,538.4782
179187,170981,266206,327.3797,268.6119,523.1881
179187,170981,286206,327.6235,266.3160,505.6361
179187,170981,306206,328.6793,263.4294,488.2268
179187,170981,326206,329.3873,262.7738,471.8846
179187,170981,346206,328.7022,261.7504,455.7211
179187,170981,366206,329.6403,257.4161,439.6215
179187,170981,386206,330.8100,252.3456,423.8785
179187,190981,86206,306.1895,305.3631,639.7797
179187,190981,106206,308.9852,304.9863,625.3781
179187,190981,126206,312.0112,302.1958,611.8949
179187,190981,146206,314.2251,299.5512,598.1981
179187,190981,166206,316.2072,296.7708,583.8871
179187,190981,186206,317.7238,294.3808,571.5348
179187,190981,206206,319.7048,291.3928,558.6129
179187,190981,226206,322.1502,287.0805,544.6499
179187,190981,246206,323.2032,283.2478,530.5267
179187,190981,266206,323.6766,280.3737,516.0825
179187,190981,286206,324.2679,276.8029,498.6826
179187,190981,306206,325.6708,273.6149,482.5288
179187,190981,326206,325.9150,272.7296,465.4389
179187,190981,346206,325.8101,271.0563,449.0531
179187,190981,366206,326.5165,267.7400,432.9975
179187,190981,386206,327.6862,263.8059,418.0284
179187,190981,406206,328.5074,257.8633,402.0277
179187,210981,86206,301.5607,320.5492,631.0874
179187,210981,106206,304.1226,319.1176,618.4138
179187,210981,126206,306.6838,316.4285,605.7765
179187,210981,146206,309.9438,315.2141,590.8855
179187,210981,206206,317.1641,304.8245,550.2328
179187,210981,226206,319.8412,299.4004,536.0924
179187,210981,246206,321.1256,294.6091,522.2902
179187,210981,266206,321.3674,291.6338,507.0002
179187,210981,286206,322.0742,288.6855,490.7663
179187,210981,306206,322.7807,284.8479,474.3905
179187,210981,326206,323.1396,282.6952,458.1650
179187,210981,346206,323.3813,280.3005,443.5603
179187,210981,366206,323.6228,276.8631,428.3151
179187,210981,386206,324.4447,273.0156,412.7673
179187,210981,406206,324.6864,268.6642,396.7836
179187,210981,426206,325.0441,262.5438,379.6880
179187,230981,266206,319.2911,305.1938,498.5220
179187,230981,286206,320.1132,302.5346,483.4009
179187,230981,306206,320.4710,297.4568,466.9457
179187,230981,326206,320.9451,293.4735,450.7837
179187,230981,346206,320.8373,290.1276,437.2124
179187,230981,366206,320.8453,286.0036,423.5170
179187,230981,386206,321.0870,282.2846,407.8713
179187,230981,406206,321.7943,278.6964,390.5871
179187,230981,426206,322.0361,273.6360,374.0162
179187,230981,446206,322.8576,268.1727,357.8549
179187,250981,246206,316.3935,321.9023,504.1763
179187,250981,266206,317.2134,317.5804,491.0417
179187,250981,286206,317.8023,314.1925,476.9896
179187,250981,306206,318.0442,310.3030,460.9611
179187,250981,326206,318.4020,305.9516,444.9774
179187,250981,346206,318.5269,302.5044,430.5603
179187,250981,366206,318.6511,297.0560,415.8238
179187,250981,386206,318.6605,292.8751,400.2230
179187,250981,406206,319.2512,288.9955,383.3663
179187,250981,426206,319.9565,284.3179,368.0417
179187,250981,446206,320.7780,279.9910,352.6544
179187,270981,246206,313.1545,334.1507,497.6223
179187,270981,266206,314.4383,329.3495,484.6482
179187,270981,286206,315.1433,325.8676,470.4625
179187,270981,306206,314.6891,322.4230,454.5052
179187,270981,326206,314.6978,317.3947,439.2432
179187,270981,346206,315.9840,315.1109,424.6560
179187,270981,366206,316.4580,310.9052,408.4585
179187,270981,386206,316.2352,305.2716,391.9147
179187,270981,406206,316.9414,300.1345,375.0944
179187,270981,426206,317.5303,295.2938,360.0993
179187,270981,446206,318.2359,292.1208,345.3703
179187,290981,266206,311.4311,341.5460,478.4415
179187,290981,286206,311.9041,337.7653,463.9711
179187,290981,306206,312.0299,334.1748,448.2274
179187,290981,326206,312.3868,329.1464,432.9654
179187,290981,346206,313.0936,327.7620,417.6921
179187,290981,366206,313.5683,325.2239,401.7608
179187,290981,386206,314.0423,319.2493,384.4513
179187,290981,406206,314.6317,312.4445,367.3649
179187,290981,426206,315.2207,307.0998,351.9338
179187,290981,446206,315.8108,305.0732,337.1507
179187,310981,366206,311.0262,338.2085,394.8501
179187,310981,386206,311.5002,332.7378,377.9766
179187,310981,406206,312.5527,325.9132,362.5463
179187,310981,426206,312.5615,321.5347,347.5065
179187,310981,446206,313.3857,320.9137,330.9328
179187,310981,486206,314.4469,315.5806,304.5995
179187,330981,406206,310.3604,343.9599,356.7989
179187,330981,426206,310.7189,341.8319,341.1701
199187,50981,46206,313.4230,223.4749,725.7421
199187,50981,86206,317.1534,212.5183,695.9035
199187,70981,46206,310.6501,237.0178,717.3798
199187,70981,66206,312.2849,233.0515,701.1018
199187,70981,86206,313.9179,227.9192,686.5340
199187,70981,106206,315.5506,223.0339,672.5983
199187,70981,126206,317.6468,218.3437,659.6418
199187,70981,146206,318.5834,215.1681,646.4531
199187,90981,26206,303.9201,253.8925,726.4984
199187,90981,46206,307.6472,249.7875,705.8126
199187,90981,66206,308.9323,244.9294,690.9331
199187,90981,86206,309.1726,240.4124,676.8194
199187,90981,106206,310.3404,235.9275,664.0143
199187,90981,126206,312.5520,231.5263,652.1705
199187,90981,146206,314.0692,228.9238,638.9547
199187,90981,166206,315.4706,227.1169,625.7473
199187,90981,186206,316.4089,225.3891,611.2489
199187,90981,206206,318.1598,223.7130,596.4030
199187,110981,26206,300.3337,265.8692,718.7160
199187,110981,46206,303.9430,259.3851,698.7172
199187,110981,66206,305.4597,253.5857,684.0430
199187,110981,86206,305.3521,249.3257,669.7333
199187,110981,106206,305.8249,246.1428,655.8324
199187,110981,126206,307.9210,243.1870,644.2193
199187,110981,146206,309.5555,241.5529,629.8543
199187,110981,166206,311.5390,241.6211,615.5237
199187,110981,186206,312.9408,239.8660,601.9690
199187,110981,206206,315.2708,237.1275,588.1387
199187,110981,226206,317.6005,234.6533,574.8247
199187,130981,46206,299.0808,271.9278,690.1956
199187,130981,66206,301.5264,265.3772,674.4532
199187,130981,86206,301.1852,260.1315,661.4085
199187,130981,106206,302.4708,257.8379,647.6494
199187,130981,126206,304.2194,254.5930,634.9235
199187,130981,146206,306.0868,254.5500,620.5753
199187,130981,166206,308.1864,255.1566,606.4492
199187,130981,186206,310.1678,252.4429,593.2155
199187,130981,206206,312.1489,249.6773,580.3291
199187,130981,226206,314.5938,247.1414,568.1904
199187,130981,246206,316.2269,243.4790,554.4498
199187,130981,266206,316.4693,240.7186,538.4830
199187,150981,86206,296.3229,272.8793,653.0382
199187,150981,106206,297.4917,270.1311,640.0362
199187,150981,126206,300.6330,267.8174,627.9328
199187,150981,146206,303.7779,269.0835,613.2007
199187,150981,166206,306.2252,267.8174,598.6571
199187,150981,186206,308.2069,266.4205,585.7521
199187,150981,206206,309.4906,262.9435,573.8190
199187,150981,226206,311.0063,259.3380,561.9838
199187,150981,246206,312.0592,255.5991,547.9941
199187,150981,266206,312.7663,253.2241,531.7331
199187,150981,286206,314.2868,250.8167,514.1631
199187,150981,326206,316.5155,247.0966,479.3165
199187,150981,346206,316.7578,243.8915,463.2787
199187,170981,66206,292.1483,287.6560,657.9103
199187,170981,86206,291.2280,285.7457,645.3980
199187,170981,106206,293.0928,284.7910,634.1043
199187,170981,126206,297.5123,283.0700,620.3175
199187,170981,146206,301.7006,281.1119,605.0706
199187,170981,166206,303.6831,279.6482,591.0882
199187,170981,186206,305.6643,277.9425,578.7265
199187,170981,206206,306.7156,275.1400,567.6122
199187,170981,226206,308.0000,271.3739,554.5663
199187,170981,246206,308.7051,267.7043,540.1136
199187,170981,266206,309.4116,264.9092,524.3782
199187,170981,286206,310.7000,262.7243,506.8437
199187,170981,306206,312.2203,260.3935,489.5230
199187,170981,326206,313.6248,260.1998,473.1359
199187,170981,346206,313.7520,259.4579,457.3728
199187,170981,366206,314.4578,254.3454,441.1490
199187,170981,386206,315.0467,247.9582,425.0774
199187,190981,46206,287.2783,307.2627,664.7386
199187,190981,66206,287.8673,302.5505,649.6455
199187,190981,86206,287.8742,300.1929,638.6023
199187,190981,106206,290.5523,298.4797,625.5282
199187,190981,126206,295.9006,297.2378,611.5806
199187,190981,146206,298.9263,295.2156,599.0497
199187,190981,166206,301.0242,292.1782,584.9347
199187,190981,186206,302.4248,289.8994,572.6002
199187,190981,206206,303.7098,287.5959,559.6691
199187,190981,226206,305.2271,284.1905,545.7325
199187,190981,246206,306.0482,280.9137,531.6980
199187,190981,266206,306.2892,277.7827,517.4499
199187,190981,286206,307.2287,274.2291,499.9341
199187,190981,306206,309.2126,271.3671,483.1211
199187,190981,326206,309.9208,270.6522,466.4140
199187,190981,346206,310.9765,269.5000,450.3481
199187,190981,366206,311.4511,265.9194,433.7763
199187,190981,386206,312.2727,261.3875,418.2378
199187,190981,406206,312.7453,254.3159,402.1755
199187,210981,66206,284.2803,317.5340,644.5947
199187,210981,86206,285.3320,313.2541,631.9409
199187,210981,106206,287.8934,310.3772,619.0366
199187,210981,126206,292.3125,309.4072,606.3178
199187,210981,146206,295.5725,309.7741,592.2718
199187,210981,166206,297.7866,307.0702,578.2100
199187,210981,186206,299.6519,304.3564,564.9763
199187,210981,206206,301.4017,301.7465,551.0481
199187,210981,226206,302.3383,297.5284,537.2190
199187,210981,246206,303.1582,293.4116,524.2357
199187,210981,266206,304.0961,290.0680,509.1238
199187,210981,286206,305.4991,286.4872,492.5518
199187,210981,306206,307.0185,282.3257,475.2945
199187,210981,326206,307.7262,280.8919,458.8282
199187,210981,346206,308.6645,278.5662,443.7602
199187,210981,366206,308.5587,275.2673,427.5890
199187,210981,386206,308.9162,271.1975,412.0058
199187,210981,406206,309.6214,265.7762,396.3254
199187,210981,426206,310.2105,258.8850,379.8178
199187,230981,106206,285.2359,325.5507,612.7123
199187,230981,246206,301.1979,306.4676,515.3214
199187,230981,266206,303.4123,303.4055,500.6098
199187,230981,286206,304.2342,299.7630,485.2133
199187,230981,306206,304.2443,294.4728,467.8946
199187,230981,326206,305.5314,291.1143,451.3581
199187,230981,346206,305.8885,288.2057,437.1454
199187,230981,366206,306.0135,284.2545,422.2923
199187,230981,386206,306.4873,280.6294,406.7801
199187,230981,406206,307.7741,276.2704,390.0839
199187,230981,426206,308.3635,270.4909,373.7537
199187,230981,446206,308.9528,265.1042,357.8418
199187,250981,226206,296.9100,323.6259,517.9662
199187,250981,246206,298.5414,319.1310,505.9891
199187,250981,266206,301.5668,315.0657,492.6580
199187,250981,286206,301.6916,311.3962,478.2055
199187,250981,306206,300.4247,306.9857,461.8571
199187,250981,326206,301.2476,303.5161,445.3029
199187,250981,346206,302.5341,300.5752,429.7812
199187,250981,366206,303.7035,295.4528,414.3854
199187,250981,386206,304.8733,291.0320,398.8646
199187,250981,406206,306.5076,286.6631,382.9964
199187,250981,426206,307.6772,281.8915,367.5381
199187,250981,446206,307.9181,277.0855,352.3115
199187,270981,226206,294.4839,335.1232,510.3441
199187,270981,246206,296.3472,330.3886,498.4472
199187,270981,266206,297.8634,326.1605,485.4460
199187,270981,286206,298.3356,321.9078,471.8484
199187,270981,306206,298.1130,318.0778,456.1851
199187,270981,326206,298.3555,314.7022,439.7645
199187,270981,346206,299.8743,311.9836,424.2783
199187,270981,366206,302.4376,308.1283,408.0178
199187,270981,386206,303.3755,302.7169,391.5093
199187,270981,406206,305.3579,297.7154,375.3030
199187,270981,426206,306.8752,292.9684,360.4412
199187,270981,446206,306.5362,289.3682,345.5257
199187,290981,226206,293.9124,346.4101,505.6511
199187,290981,246206,294.9641,341.9252,492.8460
199187,290981,266206,294.8556,337.2872,479.5426
199187,290981,286206,295.7916,332.8715,466.2745
199187,290981,306206,296.9621,329.6143,450.5839
199187,290981,326206,297.6684,325.4432,434.1548
199187,290981,346206,299.1875,323.3150,418.5257
199187,290981,366206,301.0560,321.1892,401.3561
199187,290981,386206,301.9943,316.0520,384.5358
199187,290981,406206,303.8601,309.6053,368.0989
199187,290981,426206,304.9137,304.8510,352.5249
199187,290981,446206,304.8070,302.1228,337.8670
199187,310981,246206,293.0009,353.5903,487.1469
199187,310981,266206,293.1239,348.2334,474.0843
199187,310981,286206,294.0601,344.4674,461.0385
199187,310981,346206,297.4576,335.9313,411.7931
199187,310981,366206,298.5137,333.8230,394.5080
199187,310981,386206,299.8001,328.7796,377.8211
199187,310981,406206,301.6651,322.6812,362.8621
199187,310981,426206,301.9060,318.4903,348.0892
199187,310981,446206,301.8004,316.9011,332.6649
199187,330981,366206,296.7833,345.1990,387.6960
199187,330981,386206,297.0255,341.4553,371.4538
199187,330981,406206,298.0786,338.2724,357.5527
199187,330981,426206,297.8559,335.9716,343.0816
199187,330981,446206,299.0266,333.2703,327.4796
219187,70981,66206,295.1283,226.8856,702.0172
219187,70981,86206,296.1817,221.8917,686.5234
219187,70981,106206,296.6544,218.0590,672.4003
219187,70981,126206,297.5905,214.3696,659.6037
219187,90981,46206,289.2131,245.4574,708.9175
219187,90981,66206,294.7957,241.5966,690.4037
219187,90981,86206,294.3402,238.4485,676.2715
219187,90981,106206,293.0711,234.2382,663.1551
219187,90981,126206,293.0776,229.4273,651.0094
219187,90981,146206,292.7368,225.0710,638.1066
219187,90981,166206,294.0216,222.1178,624.9533
219187,110981,46206,287.8332,256.9668,698.9267
219187,110981,66206,291.9060,252.2070,681.0994
219187,110981,86206,290.8694,248.6810,667.9736
219187,110981,106206,290.4128,244.8979,655.0438
219187,110981,126206,290.5359,240.8060,642.6572
219187,110981,146206,290.0794,237.5615,629.9318
219187,110981,166206,291.1323,234.9591,616.7161
219187,110981,186206,293.5786,233.1100,603.0277
219187,110981,206206,296.1415,231.3473,588.7604
219187,110981,226206,298.1232,229.2240,575.3839
219187,130981,46206,279.9519,269.4211,692.5250
219187,130981,66206,284.6034,262.9145,675.7225
219187,130981,86206,286.3517,257.8489,662.2320
219187,130981,106206,285.8973,255.3184,647.0132
219187,130981,126206,287.0654,252.2441,634.6702
219187,130981,146206,287.6540,249.6245,621.5703
219187,130981,166206,289.9853,248.3757,606.9111
219187,130981,186206,291.9674,246.9368,593.5253
219187,130981,206206,293.4845,245.2657,580.9321
219187,130981,226206,295.0014,242.9276,568.2325
219187,130981,246206,296.7508,239.2059,554.1269
219187,150981,66206,278.6949,273.1722,668.0217
219187,150981,86206,279.6321,269.2974,653.4177
219187,150981,106206,280.1063,268.0144,638.9903
219187,150981,126206,282.7835,265.2141,626.3353
219187,150981,146206,285.4624,264.2716,612.6730
219187,150981,166206,288.2577,263.2871,598.5299
219187,150981,186206,290.3552,260.7018,585.1982
219187,150981,206206,291.4070,258.1909,573.6563
219187,150981,226206,292.1109,255.2278,561.3312
219187,150981,246206,293.3960,251.6001,547.3592
219187,150981,266206,295.3794,248.9506,531.4098
219187,150981,286206,297.7122,246.4319,513.8219
219187,150981,306206,298.7681,243.4515,496.2790
219187,150981,326206,299.5908,240.8960,480.4633
219187,150981,346206,300.4129,237.0831,464.6840
219187,170981,46206,273.4768,291.2497,673.6578
219187,170981,66206,275.2266,285.8455,657.8614
219187,170981,86206,274.7710,283.3892,644.4322
219187,170981,106206,275.5911,281.3921,632.4983
219187,170981,126206,279.1976,279.5675,619.4062
219187,170981,146206,283.6171,278.0516,605.7706
219187,170981,166206,286.7602,276.1776,591.4855
219187,170981,186206,288.8576,273.6516,578.5188
219187,170981,206206,289.5616,271.2272,566.3982
219187,170981,226206,289.8018,268.2568,553.3609
219187,170981,246206,290.9709,264.9453,539.5579
219187,170981,266206,292.2573,261.8759,524.1342
219187,170981,286206,294.4740,259.3573,506.5463
219187,170981,306206,295.8778,256.6239,489.6354
219187,170981,326206,297.1654,255.9583,474.1213
219187,170981,346206,297.6401,253.7365,458.3589
219187,170981,366206,298.3448,247.1861,442.6168
219187,190981,46206,270.9352,305.0471,666.6398
219187,190981,66206,273.4974,300.2579,651.2970
219187,190981,86206,274.2009,297.2084,639.5507
219187,190981,106206,275.9497,294.5195,626.9136
219187,190981,126206,279.9058,293.4755,612.4053
219187,190981,146206,284.0930,292.2412,599.1702
219187,190981,166206,285.4948,289.6659,585.0106
219187,190981,186206,286.7796,286.6015,571.8396
219187,190981,206206,287.1365,284.3846,558.3299
219187,190981,226206,287.7255,282.1504,544.9359
219187,190981,246206,288.1980,279.2146,531.6671
219187,190981,266206,289.4841,276.0760,516.7064
219187,190981,286206,291.2352,272.2555,500.2146
219187,190981,306206,293.4504,268.4176,483.8384
219187,190981,326206,294.8544,267.0775,467.5055
219187,190981,346206,296.0264,265.5498,450.9055
219187,190981,366206,296.3849,262.2854,434.5027
219187,190981,386206,296.8583,257.5485,418.8130
219187,190981,406206,296.9832,251.4949,402.7948
219187,210981,66206,271.0707,314.8730,646.4243
219187,210981,86206,272.4705,310.7809,634.0374
219187,210981,106206,274.2201,307.9313,620.1895
219187,210981,126206,278.0601,307.1862,605.9659
219187,210981,146206,281.2046,307.1182,591.0209
219187,210981,166206,282.3743,304.8592,577.0302
219187,210981,186206,283.7751,301.4785,563.6902
219187,210981,206206,284.7121,298.1671,549.8872
219187,210981,266206,287.1744,287.6424,508.6212
219187,210981,286206,289.0404,282.8880,493.0470
219187,210981,306206,291.2560,279.4355,476.3768
219187,210981,326206,293.3566,278.1472,459.6964
219187,210981,346206,294.0638,276.4219,443.6576
219187,210981,366206,294.1900,273.4046,427.8869
219187,210981,386206,293.9674,269.5745,412.2235
219187,210981,406206,294.4407,263.8889,396.0269
219187,210981,426206,295.4938,257.6894,380.2222
219187,230981,246206,283.3482,303.6074,513.9200
219187,230981,266206,285.9102,299.6039,499.4136
219187,230981,286206,287.5437,295.6006,484.9075
219187,230981,306206,288.7142,291.5232,468.6119
219187,230981,326206,290.4657,288.6094,452.1462
219187,230981,346206,291.1722,287.0619,437.2025
219187,230981,366206,291.4142,284.2324,421.6988
219187,230981,386206,291.7722,280.2317,405.6525
219187,230981,406206,293.0584,275.6751,389.5174
219187,230981,426206,294.4602,270.1944,373.4718
219187,230981,446206,294.7007,264.3705,358.2013
219187,250981,226206,279.7545,319.5303,518.7379
219187,250981,246206,281.1550,315.5765,505.4249
219187,250981,266206,283.7164,311.1530,491.4442
219187,250981,286206,284.8852,307.1745,477.5347
219187,250981,306206,284.6626,303.0109,461.8181
219187,250981,326206,286.0657,300.5838,445.9043
219187,250981,346206,287.7010,299.1993,430.6309
219187,250981,366206,288.8717,295.2504,414.2372
219187,250981,386206,290.6219,290.5478,398.3157
219187,250981,406206,293.1845,285.9390,382.5276
219187,250981,426206,294.5860,281.0217,367.2831
219187,250981,446206,294.0144,276.4036,352.3237
219187,250981,466206,292.3982,271.7856,337.3645
219187,270981,206206,277.4357,335.5346,526.0575
219187,270981,226206,278.0244,331.7019,511.9344
219187,270981,246206,279.7729,327.3972,498.6838
219187,270981,266206,281.8693,322.8354,485.6293
219187,270981,286206,282.3412,318.1381,471.9608
219187,270981,306206,282.1190,314.4711,455.9679
219187,270981,326206,283.5223,312.3775,440.1073
219187,270981,346206,285.5044,309.5971,425.7963
219187,270981,366206,287.8364,305.5813,408.3250
219187,270981,386206,290.2837,301.1108,391.6108
219187,270981,406206,292.4976,296.0994,376.2326
219187,270981,426206,294.2475,291.6440,360.9432
219187,270981,446206,293.3278,287.6584,346.3218
219187,270981,466206,291.4800,284.1696,331.4243
219187,290981,186206,274.1871,351.5192,535.0334
219187,290981,206206,275.9363,346.8315,520.5366
219187,290981,226206,276.7565,342.0403,506.7345
219187,290981,246206,278.7376,338.5483,493.3766
219187,290981,266206,280.3701,334.6710,480.3129
219187,290981,286206,280.6097,330.0330,467.0095
219187,290981,306206,280.8518,326.3832,450.9007
219187,290981,326206,283.0666,322.8862,435.2901
219187,290981,346206,284.7001,319.4981,421.2377
219187,290981,366206,287.3826,317.1622,401.6640
219187,290981,386206,288.9018,313.2824,384.8072
219187,290981,406206,290.4192,308.1426,369.5272
219187,290981,426206,291.8208,303.2425,354.1669
219187,290981,446206,291.2494,299.9066,339.7676
219187,290981,466206,290.2136,297.5788,326.2405
219187,310981,206206,273.8562,358.1360,515.7281
219187,310981,226206,275.4884,352.5491,501.9175
219187,310981,246206,277.2371,348.1678,488.4177
219187,310981,266206,278.5219,344.8983,475.0954
219187,310981,286206,278.6460,341.2016,461.5867
219187,310981,306206,279.7010,338.9969,445.7084
219187,310981,326206,281.7993,334.3709,430.0362
219187,310981,346206,283.5506,330.9951,413.6153
219187,310981,366206,285.7694,329.6944,393.9699
219187,310981,386206,287.0557,325.5652,378.0215
219187,310981,406206,287.1807,321.9302,363.3374
219187,310981,426206,287.5371,317.6356,349.2591
219187,310981,446206,287.8939,314.4527,335.3582
219187,310981,466206,288.0185,311.4577,321.7244
219187,310981,486206,288.4915,308.5144,307.7432
219187,330981,226206,273.1764,363.9994,496.8953
219187,330981,246206,274.8086,358.7287,483.2536
219187,330981,266206,276.3262,355.8965,469.2899
219187,330981,366206,284.1544,341.1718,388.0037
219187,330981,386206,285.2088,337.2822,371.9751
219187,330981,406206,285.5658,334.5613,358.0294
219187,330981,426206,285.1097,331.4972,344.8588
219187,330981,446206,285.4670,329.1271,330.8506
219187,330981,486206,286.7616,322.4896,301.8201
219187,350981,386206,283.8255,349.5106,367.0769
219187,350981,406206,284.0673,347.4493,352.5254
219187,350981,426206,283.9602,345.3783,338.8020
239187,110981,66206,269.1783,247.9641,683.6264
239187,110981,146206,272.3443,233.8266,629.8130
239187,110981,166206,273.1648,230.7450,616.7579
239187,130981,86206,269.0831,255.5716,659.9753
239187,130981,106206,270.8327,253.2260,646.5634
239187,130981,126206,270.6084,251.1525,634.3804
239187,130981,146206,271.0809,248.7207,621.5475
239187,130981,166206,272.7139,245.6735,608.2607
239187,130981,186206,274.1149,242.3274,594.6892
239187,130981,206206,275.6323,239.9646,581.3930
239187,130981,226206,277.1501,238.2095,567.8383
239187,150981,66206,263.0501,271.2083,667.4740
239187,150981,86206,265.8459,268.6698,651.5421
239187,150981,106206,266.2032,267.5474,638.3256
239187,150981,126206,266.6754,265.3800,626.0090
239187,150981,146206,268.8886,263.0417,613.3093
239187,150981,166206,272.2628,260.0288,599.7906
239187,150981,186206,273.8957,256.8531,586.6018
239187,150981,206206,274.7160,253.9420,573.9294
239187,150981,226206,275.7689,251.2457,560.5801
239187,150981,246206,277.4029,248.3714,546.1357
239187,150981,266206,278.8055,245.2254,530.4627
239187,150981,286206,280.7891,242.0892,513.9615
239187,150981,306206,282.0760,238.4911,497.5052
239187,170981,66206,260.2778,284.5388,658.2481
239187,170981,86206,262.2596,281.5014,644.1331
239187,170981,106206,263.3120,279.5216,632.0834
239187,170981,126206,265.0610,276.8672,619.2148
239187,170981,146206,268.8993,274.8795,606.4522
239187,170981,166206,272.0414,272.7041,593.4228
239187,170981,186206,273.4426,270.0251,579.9577
239187,170981,206206,273.9154,267.4401,566.6263
239187,170981,226206,273.9242,264.6081,552.6629
239187,170981,246206,274.9778,262.1441,538.5211
239187,170981,266206,276.0322,259.0920,522.9816
239187,170981,286206,278.2477,256.0150,506.8454
239187,170981,306206,280.1150,252.7503,490.4423
239187,170981,326206,280.8210,249.6464,475.2502
239187,170981,346206,281.1785,245.3543,459.6316
239187,170981,366206,281.6520,240.2246,443.5236
239187,190981,66206,257.1547,298.1114,652.7351
239187,190981,86206,260.2958,293.8830,639.7336
239187,190981,106206,262.0442,290.8087,627.3906
239187,190981,126206,265.4193,289.3275,613.5237
239187,190981,146206,268.9106,288.0686,599.6923
239187,190981,166206,270.4287,286.5705,585.9415
239187,190981,186206,271.1338,283.9262,572.2450
239187,190981,206206,270.7949,281.7020,558.0232
239187,190981,246206,271.8572,276.5764,530.3008
239187,190981,266206,273.3747,272.7016,515.6967
239187,190981,286206,275.8214,269.0415,500.4155
239187,190981,306206,278.0368,265.5544,483.9768
239187,190981,326206,278.6266,262.5445,468.9183
239187,190981,346206,279.5661,259.8111,452.0075
239187,190981,366206,280.1565,256.0674,435.7652
239187,190981,386206,280.2832,252.5386,418.8461
239187,210981,86206,255.6635,308.3009,635.4224
239187,210981,106206,258.8056,304.7840,621.4678
239187,210981,126206,262.5303,304.0835,606.1846
239187,210981,146206,265.2116,304.5220,590.1353
239187,210981,246206,269.2006,289.2225,521.0842
239187,210981,266206,271.6459,284.7991,507.1035
239187,210981,286206,274.4400,280.3854,492.2946
239187,210981,306206,276.1905,276.7601,476.7821
239187,210981,326206,277.5936,274.1279,460.7171
239187,210981,346206,278.8814,272.6594,444.4821
239187,210981,366206,278.7754,270.3685,429.1829
239187,210981,386206,277.8580,266.8153,411.6675
239187,210981,406206,279.1442,261.7373,395.2122
239187,210981,426206,280.3130,255.7848,380.0395
239187,230981,226206,264.4471,304.6688,524.5225
239187,230981,246206,267.0085,301.0828,511.0310
239187,230981,266206,269.9173,296.8372,498.1453
239187,230981,286206,272.4788,292.6361,484.2000
239187,230981,306206,274.4613,289.1046,468.8210
239187,230981,326206,276.5613,286.8577,452.4617
239187,230981,346206,277.3836,285.4808,437.9008
239187,230981,366206,276.9296,283.8396,422.8238
239187,230981,386206,276.4759,279.9775,405.8517
239187,230981,406206,277.9942,274.1731,388.9248
239187,230981,426206,279.7440,268.6578,373.1107
239187,230981,446206,279.8679,262.1150,358.0810
239187,250981,206206,262.4755,319.7737,532.5282
239187,250981,226206,263.4137,316.2770,516.9178
239187,250981,246206,265.1621,312.6813,504.2546
239187,250981,266206,267.8385,308.4950,491.7339
239187,250981,286206,269.9361,304.4570,477.4592
239187,250981,306206,272.1509,300.5499,461.5461
239187,250981,326206,273.9019,298.3698,446.2642
239187,250981,346206,275.1887,297.0274,431.4717
239187,250981,366206,274.8513,294.6525,415.2109
239187,250981,386206,276.0217,290.4466,399.0133
239187,250981,406206,278.0036,284.9486,383.0834
239187,250981,426206,279.1734,279.8953,367.2246
239187,250981,446206,278.9495,274.7806,352.5414
239187,250981,466206,277.6810,269.6487,337.9742
239187,270981,206206,261.2083,331.5919,527.3275
239187,270981,226206,262.6099,327.6405,512.4741
239187,270981,246206,264.4744,323.8398,499.6596
239187,270981,266206,266.3392,319.8859,486.3465
239187,270981,286206,268.0889,316.0110,471.7424
239187,270981,306206,269.2593,312.5488,455.9004
239187,270981,326206,270.8940,310.4280,440.9836
239187,270981,346206,273.2246,307.1781,426.0050
239187,270981,366206,273.4679,304.2744,408.7116
239187,270981,386206,276.3801,300.6513,391.6585
239187,270981,406206,277.4332,295.4943,376.4943
239187,270981,426206,278.2542,290.6363,361.6148
239187,270981,446206,277.7985,286.3171,346.9402
239187,270981,466206,276.4145,282.2205,332.3012
239187,270981,486206,276.4232,278.6276,318.0979
239187,290981,186206,257.6108,347.5322,537.3631
239187,290981,206206,259.8243,343.3657,523.1864
239187,290981,226206,261.8057,338.9004,508.7250
239187,290981,246206,264.0189,335.4084,495.3671
239187,290981,266206,266.0007,332.1659,481.1009
239187,290981,286206,266.5894,327.7947,466.7732
239187,290981,306206,266.5994,325.3926,451.4563
239187,290981,326206,268.6979,321.5275,436.0239
239187,290981,346206,271.2603,317.2004,420.6363
239187,290981,366206,273.1298,315.2648,402.1934
239187,290981,386206,275.1138,311.8049,384.8109
239187,290981,406206,275.0063,307.2633,370.1007
239187,290981,426206,275.5948,302.2423,355.5509
239187,290981,446206,275.7197,298.7013,341.0003
239187,290981,466206,274.9156,295.2444,327.4114
239187,290981,486206,275.1564,292.0788,313.3948
239187,310981,206206,257.3960,354.8927,518.4135
239187,310981,226206,260.4216,349.7428,503.9612
239187,310981,246206,262.5187,345.3021,490.0963
239187,310981,266206,263.9205,342.6329,475.8032
239187,310981,286206,264.2776,339.0918,461.2525
239187,310981,306206,264.7521,337.3567,446.0419
239187,310981,366206,273.2570,327.3002,394.7752
239187,310981,386206,274.0796,323.5737,378.4171
239187,310981,406206,273.3922,319.9389,363.7331
239187,310981,426206,273.2842,316.3534,350.2422
239187,310981,446206,273.5243,312.3232,336.6802
239187,310981,466206,273.3004,308.8489,323.2070
239187,310981,486206,273.6572,305.5722,309.1726
239187,310981,506206,274.5949,302.6041,294.5948
239187,330981,246206,259.5108,356.9501,484.5132
239187,330981,266206,260.6808,354.1278,469.7216
239187,330981,366206,272.3382,338.5378,388.8892
239187,330981,386206,273.2766,334.7594,372.8783
239187,330981,406206,272.9373,331.8336,358.7815
239187,330981,426206,272.1327,328.4014,345.7893
239187,330981,446206,272.3732,325.4829,332.4047
239187,330981,466206,272.2662,322.1816,317.7738
239187,330981,486206,272.6233,318.8455,303.3744
239187,350981,366206,270.1420,349.8250,384.1965
239187,350981,386206,271.4284,346.2343,368.4526
239187,350981,406206,271.2052,343.3258,354.2400
239187,350981,426206,270.9814,340.2962,340.8378
239187,350981,446206,270.8748,337.9954,326.3666
239187,370981,406206,268.7788,356.6340,348.2106
259187,130981,106206,253.3278,249.2218,649.0090
259187,130981,126206,254.0335,247.5361,634.9914
259187,130981,146206,254.9706,245.2845,621.7131
259187,130981,166206,256.1391,241.4419,608.4180
259187,150981,86206,249.8512,266.5826,653.3452
259187,150981,106206,252.2982,265.3758,639.1667
259187,150981,126206,253.1188,263.4652,626.6540
259187,150981,146206,254.4028,260.3563,614.5426
259187,150981,166206,256.3831,256.2047,601.7906
259187,150981,186206,257.3195,251.9520,588.1930
259187,170981,86206,248.1220,279.9524,646.1403
259187,170981,106206,250.9159,277.4782,632.8262
259187,170981,126206,251.7361,275.0710,620.5898
259187,170981,146206,253.6009,272.8860,608.3887
259187,170981,166206,256.5104,269.8040,595.3331
259187,170981,186206,257.0993,266.5099,581.4144
259187,170981,286206,262.3693,251.9117,506.9045
259187,170981,306206,263.7716,247.7652,491.0719
259187,170981,326206,264.2454,244.3624,475.5951
259187,190981,86206,244.7651,291.4449,641.5991
259187,190981,106206,248.2550,288.2862,628.2942
259187,190981,126206,249.8886,286.6843,615.2380
259187,190981,146206,251.8713,285.4603,601.1753
259187,190981,166206,253.5055,283.4581,586.9886
259187,190981,286206,260.5238,264.9307,499.7622
259187,190981,306206,262.8552,261.4263,483.4392
259187,190981,326206,262.7485,258.6981,468.7814
259187,190981,346206,262.9907,255.1595,452.6903
259187,190981,366206,263.5809,250.9711,436.3771
259187,210981,126206,245.2586,300.6030,607.4101
259187,210981,146206,247.9389,299.6037,591.8424
259187,210981,266206,256.5807,281.1502,506.4053
259187,210981,286206,259.7236,277.0626,490.9373
259187,210981,306206,261.0092,273.5214,476.3865
259187,210981,326206,261.0190,271.2897,461.4523
259187,210981,346206,261.0299,269.0432,445.0934
259187,210981,366206,261.3887,266.2408,428.6458
259187,210981,386206,261.6315,262.3019,411.4242
259187,210981,406206,263.0339,257.0362,394.7018
259187,230981,246206,252.0588,297.4414,511.0451
259187,230981,266206,255.4322,294.2901,498.4525
259187,230981,286206,257.8779,289.9359,484.0087
259187,230981,306206,258.9311,285.7276,469.3515
259187,230981,326206,259.8702,283.6341,453.4910
259187,230981,346206,260.4609,282.4548,438.3690
259187,230981,366206,260.3558,280.3195,422.0280
259187,230981,386206,260.1343,275.9706,404.5040
259187,230981,406206,261.6524,270.3195,388.0756
259187,230981,426206,263.4016,264.4953,372.8048
259187,250981,226206,247.8826,312.9494,518.6414
259187,250981,246206,250.5605,309.5438,504.7046
259187,250981,266206,253.2375,306.4865,492.2456
259187,250981,286206,255.4514,302.8166,477.7926
259187,250981,306206,257.3176,298.9170,462.5919
259187,250981,326206,257.9078,296.4975,447.3905
259187,250981,346206,259.3113,294.4385,431.2984
259187,250981,366206,259.7861,292.0462,415.1532
259187,250981,386206,260.6093,288.3296,397.9670
259187,250981,406206,262.2431,283.1478,382.2062
259187,250981,426206,262.7158,278.0675,367.2913
259187,250981,446206,263.4202,272.6018,352.6705
259187,270981,206206,244.9806,328.0076,529.2473
259187,270981,226206,247.3110,324.4068,514.3312
259187,270981,246206,249.6406,320.6677,500.3412
259187,270981,266206,251.8540,317.2276,486.6360
259187,270981,286206,253.6042,313.9605,471.7733
259187,270981,306206,255.0060,310.7700,457.1599
259187,270981,326206,255.1327,308.6767,441.2995
259187,270981,346206,258.0442,304.8387,424.9232
259187,270981,366206,258.4034,302.5155,408.3150
259187,270981,386206,261.2002,299.6460,390.7896
259187,270981,406206,261.5569,294.7881,375.9103
259187,270981,426206,261.5648,290.2193,362.1438
259187,270981,446206,262.3858,285.5836,347.2999
259187,270981,466206,262.0457,280.4343,332.8483
259187,290981,206206,243.1323,340.1916,525.4088
259187,290981,226206,245.8105,336.0003,510.6355
259187,290981,246206,248.4884,331.8683,496.2271
259187,290981,266206,250.7029,328.6357,481.1328
259187,290981,286206,251.9889,325.5910,466.3056
259187,290981,306206,252.1142,323.2383,452.1817
259187,290981,326206,252.9371,320.1962,435.8143
259187,290981,346206,256.0802,315.9381,419.9635
259187,290981,366206,258.2972,313.6764,402.1796
259187,290981,386206,260.2817,310.3030,384.2183
259187,290981,406206,260.0579,305.8207,369.8731
259187,290981,426206,259.9495,301.7386,356.6585
259187,290981,446206,260.5387,297.8813,341.9388
259187,290981,466206,260.1984,293.9450,328.5104
259187,290981,486206,260.6708,289.6504,314.4321
259187,310981,226206,243.2661,347.2110,505.6936
259187,310981,246206,246.2925,343.2420,490.9557
259187,310981,266206,248.2753,340.0613,475.5141
259187,310981,286206,249.4451,336.9994,460.8027
259187,310981,366206,259.1199,325.4448,395.7854
259187,310981,386206,260.0591,321.2069,378.2789
259187,310981,406206,258.9069,317.4684,364.2896
259187,310981,426206,258.5667,314.0535,351.1815
259187,310981,446206,258.9231,310.1863,337.2899
259187,310981,466206,259.0471,306.5662,324.0304
259187,310981,486206,259.0557,302.9559,309.9429
259187,330981,366206,259.0136,336.5884,389.7657
259187,330981,386206,259.6037,332.4938,373.5859
259187,330981,406206,258.2196,329.3113,359.6853
259187,330981,426206,257.6471,325.5628,346.5240
259187,330981,446206,257.6556,322.4566,332.8725
259187,330981,466206,257.4326,319.3603,318.3929
259187,330981,486206,257.7895,315.8019,303.9580
259187,350981,366206,256.7010,347.3025,385.1001
259187,350981,386206,257.5230,343.8996,369.6232
259187,350981,406206,256.8356,340.2475,355.0550
259187,350981,426206,256.4955,336.7733,341.5819
259187,350981,446206,255.6928,334.6184,326.8971
259187,370981,406206,254.2929,353.5212,349.2572
259187,370981,426206,254.1853,350.0049,335.3032
279187,150981,146206,238.1754,254.7560,614.7184
279187,170981,146206,236.0972,268.6965,609.0269
279187,210981,286206,243.2653,274.0539,491.2897
279187,210981,326206,244.3292,268.0859,460.8254
279187,230981,266206,239.0889,290.3648,499.6068
279187,230981,286206,241.8835,286.6528,484.6729
279187,230981,306206,242.3569,283.0697,469.6414
279187,230981,326206,242.8315,280.8306,453.9948
279187,230981,346206,243.7707,278.6605,437.8850
279187,230981,406206,246.8188,266.8830,388.2410
279187,250981,246206,234.2157,305.2306,507.6933
279187,250981,266206,238.4035,303.0748,493.0075
279187,250981,286206,240.9660,300.3116,478.5806
279187,250981,306206,241.5553,296.3776,463.6117
279187,250981,326206,241.5657,293.8396,447.6804
279187,250981,406206,246.5976,280.1142,381.9619
279187,250981,426206,247.3024,275.3502,367.2160
279187,270981,246206,233.5294,317.6738,502.1182
279187,270981,266206,237.8336,314.8608,486.4978
279187,270981,286206,239.9316,311.7468,472.1335
279187,270981,306206,240.1726,308.2996,457.7164
279187,270981,386206,245.6706,296.7829,390.9280
279187,270981,406206,246.6083,292.7895,375.5940
279187,270981,426206,246.6163,288.3492,361.7295
279187,270981,446206,246.8564,283.2937,347.4113
279187,290981,266206,235.2902,326.3383,480.5318
279187,290981,286206,237.2724,323.1651,465.8026
279187,290981,386206,245.3324,307.9783,384.5611
279187,290981,406206,245.8056,304.1383,369.7257
279187,290981,426206,245.5813,300.2786,356.5465
279187,290981,446206,245.4736,296.0186,342.2368
279187,290981,466206,245.2493,291.3387,328.4527
279187,310981,386206,244.4131,318.7959,379.2006
279187,310981,406206,244.0737,314.8275,364.4634
279187,310981,426206,243.8498,311.5756,351.0257
279187,310981,446206,243.7423,307.9654,336.9382
279187,310981,466206,243.5181,304.3454,323.6788
279187,330981,366206,240.8144,335.2377,391.2126
279187,330981,386206,242.6812,330.3227,374.4276
279187,330981,406206,242.1095,326.0036,359.7529
279187,330981,426206,241.6538,322.6924,345.9502
279187,330981,446206,241.5468,319.8011,331.6219
279187,330981,486206,242.7244,312.7856,303.5978
279187,350981,406206,239.6816,338.1036,354.9530
279187,350981,426206,239.4583,334.5454,340.5182
279187,350981,446206,239.3517,332.0395,325.8958
279187,370981,406206,237.2546,351.0091,349.3334
279187,370981,426206,237.4957,347.3742,334.6493
279187,390981,406206,235.5243,363.4451,343.0461
299187,230981,406206,232.7973,263.3946,388.7534
299187,250981,406206,231.2994,276.1986,382.2878
299187,270981,406206,229.9173,288.9508,376.1695
299187,270981,426206,230.3897,284.4511,361.9399
299187,290981,386206,227.9448,305.0192,386.1068
299187,290981,406206,228.5347,301.5052,370.6122
299187,290981,426206,228.5429,297.1168,356.4005
299187,310981,406206,225.8744,312.5282,365.4034
299187,310981,426206,225.5350,308.5425,350.7819
299187,330981,406206,223.2142,323.9786,360.3813
299187,330981,426206,223.2230,320.0101,345.6440
299187,350981,406206,221.4829,336.0365,355.1004
299187,350981,426206,221.8403,332.2311,340.0335
319187,270981,406206,214.5024,285.1192,377.4571
319187,290981,406206,211.8431,297.3576,371.7311
